[
    {
        "sql_id": "sql_1",
        "sql": "xxx",
        "result": [
            {
                "a": 2,
                "b": 1
            },
            {
                "c": 4,
                "d": 3
            }
        ]
    },
    {
        "sql_id": "sql_2",
        "sql": "xxx",
        "result": [
            {
                "e": "xxx",
                "f": "xxx"
            },
            {
                "g": "xxx",
                "h": "xxx"
            }
        ]
    }
]